Alabama-Heersink,Alabama
Albany,Albany
Arizona,Arizona - Tucson
Arizona Phoenix,Arizona - Phoenix
Arkansas,Arkansas
Baylor,Baylor
Boston,Boston
Brown-Alpert,Brown
Buffalo-Jacobs,Buffalo
California,California University of Science and Medicine
California Northstate,California Northstate
Caribe,Caribe
Carle Illinois,Carle Illinois
Case Western Reserve,Case Western
Central Michigan,Central Michigan
Chicago Med Franklin,Rosalind Franklin
Chicago-Pritzker,Chicago
Cincinnati,Cincinnati
Colorado,Colorado
Columbia-Vagelos,Columbia
Connecticut,Connecticut
Cooper Rowan,Cooper Rowan
Cornell-Weill,Cornell
Creighton,Creighton
CUNY,City University of New York
Dartmouth-Geisel,Dartmouth
Drexel,Drexel
Duke,Duke
East Carolina-Brody,East Carolina
East Tennessee-Quillen,East Tennessee
Eastern Virginia,Eastern Virginia
Einstein,Albert Einstein
Emory,Emory
FIU-Wertheim,Florida International
Florida,Florida
Florida Atlantic-Schmidt,Florida Atlantic
Florida State,Florida State
Geisinger Commonwealth,Geisinger Commonwealth
George Washington,George Washington
Georgetown,Georgetown
Hackensack Meridian,Hackensack Meridian
Harvard,Harvard
Hawaii-Burns,Hawaii
Houston,Houston
Howard,Howard
Illinois,Illinois
Indiana,Indiana
Iowa-Carver,Iowa
Jefferson-Kimmel,Jefferson
Johns Hopkins,Johns Hopkins
Kaiser Permanente-Tyson,Kaiser Permanente
Kansas,Kansas
Kentucky,Kentucky
Loma Linda,Loma Linda
Louisville,Louisville
Loyola-Stritch,Loyola
LSU New Orleans,LSU - New Orleans
LSU Shreveport,LSU - Shreveport
Marshall-Edwards,Marshall
Maryland,Maryland
Massachusetts-Chan,Massachussetts
Mayo-Alix,Mayo
MC Georgia Augusta,Medical College of Georgia
MC Wisconsin,Medical College of Wisconsin
Meharry,Meharry
Mercer,Mercer
Miami-Miller,Miami
Michigan,Michigan
Michigan State,Michigan State
Minnesota,Minnesota
Mississippi,Mississippi
Missouri Columbia,Missouri - Columbia
Missouri Kansas City,Missouri - Kansas City
Morehouse,Morehouse
Mount Sinai-Icahn,Mount Sinai
MU South Carolina,Medical University of South Carolina
Nebraska,Nebraska
Nevada Reno,Nevada Reno
New Mexico,New Mexico
New York Medical,New York Medical College
North Carolina,North Carolina
North Dakota,North Dakota
Northeast Ohio,Northeast Ohio
Northwestern-Feinberg,Northwestern
Nova Southeastern-Patel,Nova Southeastern
NYU Long Island,New York University - Long Island
NYU-Grossman,New York University - Grossman
Oakland Beaumont,Oakland
Ohio State,Ohio State
Oklahoma,Oklahoma
Oregon,Oregon Health and Science
Penn State,Penn State
Pennsylvania-Perelman,Pennsylvania
Pittsburgh,Pittsburgh
Ponce,Ponce Health Sciences
Puerto Rico,University of Puerto Rico
Quinnipiac-Netter,Quinnipiac
Renaissance Stony Brook,Stony Brook
Rochester,Rochester
Rush,Rush
Rutgers New Jersey,Rutgers - New Jersey
Rutgers-RW Johnson,Rutgers - Robert Wood Johnson
Saint Louis,Saint Louis
San Juan Bautista,San Juan Bautista
South Alabama,South Alabama
South Carolina Columbia,South Carolina - Columbia
South Carolina Greenville,South Carolina - Greenville
South Dakota-Sanford,South Dakota
Southern Cal-Keck,University of Southern California
Southern Illinois,Southern Illinois
Stanford,Stanford
SUNY Downstate,SUNY Downstate
SUNY Upstate,SUNY Upstate
TCU UNTHSC,Texas Christian University
Temple-Katz,Temple
Tennessee,Tennessee
Texas A & M,Texas A&M
Texas Tech,Texas Tech - Lubbock
Texas Tech-Foster,Texas Tech - Foster
Toledo,Toledo
Tufts,Tufts
Tulane,Tulane
U Washington,Washington
UC Davis,University of California Davis
UC Irvine,University of California Irvine
UC Riverside,University of California Riverside
UC San Diego,University of California San Diego
UC San Francisco,University of California San Francisco
UCF,Univesity of Central Florida
UCLA-Geffen,University of California Los Angeles
Uniformed Services-Hebert,Uniformed Services
UNLV-Kerkorian,University of Nevada Las Vegas
USF-Morsani,University of South Florida
UT Austin-Dell,University of Texas - Austin
UT Houston-McGovern,University of Texas - Houston
UT Medical Branch,University of Texas - Medical Branch
UT Rio Grande Valley,University of Texas - Rio Grande
UT San Antonio-Long,University of Texas - San Antonio
UT Southwestern,University of Texas - Southwestern
Utah,Utah
Vanderbilt,Vanderbilt
Vermont-Larner,Vermont
Virginia,Virginia
Virginia Commonwealth,Virginia Commonwealth
Virginia Tech Carilion,Virginia Tech
Wake Forest,Wake Forest
Washington State-Floyd,Washington State
Washington U St Louis,Washington University Saint Louis
Wayne State,Wayne State
West Virginia,West Virginia
Western Michigan-Stryker,Western Michigan
Wisconsin,Wisconsin
Wright State-Boonshoft,Wright State
Yale,Yale
Zucker Hofstra Northwell,Hofstra
